{
  "comments": [
    {
      "id": 1,
      "author": "Surajit",
      "text": "React is simple"
    },
    {
      "id": 2,
      "author": "Ram",
      "text": "React is easy"
    },
    {
      "id": 3,
      "author": "Raja",
      "text": "React is best"
    }
  ],
  "products": [
    {
      "id": 1,
      "prdname": "Moto G5",
      "qty": "2",
      "prc": "13000"
    },
    {
      "id": 2,
      "prdname": "Racold Geyser",
      "qty": "3",
      "prc": "6000"
    },
    {
      "id": 3,
      "prdname": "Dell Inspiron",
      "qty": "4",
      "prc": "50000"
    },
    {
      "prdname": "Test",
      "qty": 50,
      "prc": 11500,
      "id": 4
    },
    {
      "prdname": "aaaa",
      "qty": 89,
      "prc": 9000,
      "id": "80bbd220-e9e8-43f4-bf95-37a7e08d46b4"
    },
    {
      "prdname": "bbb",
      "qty": 67,
      "prc": 12345,
      "id": "c2750aea-11bb-46e7-9042-0cc33918260d"
    },
    {
      "prdname": "ccc",
      "qty": 78,
      "prc": 54545,
      "id": "f2a324af-bbc3-4176-a438-1669d50f1afc"
    },
    {
      "prdname": "ddd",
      "qty": 899,
      "prc": 9000,
      "id": "0df8571f-996e-405a-bca0-3e23b8d10c28"
    },
    {
      "prdname": "eee",
      "qty": 777,
      "prc": 90000,
      "id": "e51df4f0-c1e3-482b-9d77-31b767f0ed04"
    },
    {
      "prdname": "fff",
      "qty": 30,
      "prc": 5400,
      "id": "9710422d-c297-4fc4-b6e1-8a106070e09d"
    }
  ]
}